GUT_GENOME065705|GUT_GENOME065705_1__23765_45216__1_57|TR|GUT_GENOME065705_1:35281-35394	GUT_GENOME065705_1	35281	35394	114	0	0	plus	GGCAAGACGCACACCGTTATTCGTATTCGAATTCGACGAAGCGTTATTCGCATTCGAGTAGACGAGACCGCCATTCGCATTCGCATTGTTGTTCGCACGACCGACACAGCGACG	GGCAAGACGCACACCGTTATTCGTATTCGAATTCGACGAAGCGTTATTCGCATTCGAGTAGACGAGACCGCCATTCGCATTCGCATTGTTGTTCGCACGACCGACACAGCGACG
GUT_GENOME065705|GUT_GENOME065705_1__23765_45216__1_57|TR|GUT_GENOME065705_1:35281-35394	GUT_GENOME065705_1	25887	25774	114	8	0	minus	GGCAAGACGCACACCGTTATTCGTATTCGAATTCGACGAAGCGTTATTCGCATTCGAGTAGACGAGACCGCCATTCGCATTCGCATTGTTGTTCGCACGACCGACACAGCGACG	GGCAAGACGCACACCGACATACGTATACGAATTCGACGAAGCGTTAGCCGCATTCGAGTAGACGAGACCGCCATTCGCATTCGCATTGCCGTTCGCACGACCGACACAGCGACG
GUT_GENOME065705|GUT_GENOME065705_1__23765_45216__1_57|TR|GUT_GENOME065705_1:35281-35394	GUT_GENOME065705_1	35672	35784	113	14	0	plus	GGCAAGACGCACACCGTTATTCGTATTCGAATTCGACGAAGCGTTATTCGCATTCGAGTAGACGAGACCGCCATTCGCATTCGCATTGTTGTTCGCACGACCGACACAGCGAC	GGCAAGACGCACACCGAAACTCGCATACGAATACGACGAAGCGTTATTCGCACTCGAGCAGACGAGACCGCCATTCGCATACGCAACGCCGTACGCACGACCGACACAGCGAC
GUT_GENOME065705|GUT_GENOME065705_1__23765_45216__1_57|TR|GUT_GENOME065705_1:35281-35394	GUT_GENOME065705_2	37023	37006	18	1	0	minus	ACCGCCATTCGCATTCGC	ACAGCCATTCGCATTCGC
GUT_GENOME065705|GUT_GENOME065705_1__23765_45216__1_57|TR|GUT_GENOME065705_1:35281-35394	GUT_GENOME065705_220	159	145	15	0	0	minus	CATTCGCATTGTTGT	CATTCGCATTGTTGT
GUT_GENOME065705|GUT_GENOME065705_1__23765_45216__1_57|TR|GUT_GENOME065705_1:35281-35394	GUT_GENOME065705_104	1450	1434	17	1	0	minus	TCGCATTGTTGTTCGCA	TCGCATTGTCGTTCGCA
GUT_GENOME065705|GUT_GENOME065705_1__23765_45216__1_57|TR|GUT_GENOME065705_1:35281-35394	GUT_GENOME065705_40	6788	6804	17	1	0	plus	GGCAAGACGCACACCGT	GGCAAGACGTACACCGT
GUT_GENOME065705|GUT_GENOME065705_1__23765_45216__1_57|TR|GUT_GENOME065705_1:35281-35394	GUT_GENOME065705_40	5323	5338	16	1	0	plus	GCATTCGCATTGTTGT	GCCTTCGCATTGTTGT
GUT_GENOME065705|GUT_GENOME065705_1__23765_45216__1_57|TR|GUT_GENOME065705_1:35281-35394	GUT_GENOME065705_36	13396	13412	17	1	0	plus	CGAGACCGCCATTCGCA	CGAGACCGCCGTTCGCA
GUT_GENOME065705|GUT_GENOME065705_1__23765_45216__1_57|TR|GUT_GENOME065705_1:35281-35394	GUT_GENOME065705_14	5615	5646	32	7	0	plus	GCATTCGAGTAGACGAGACCGCCATTCGCATT	GCAATCTTGTAGTTGACACCGCCCTTCGCATT
GUT_GENOME065705|GUT_GENOME065705_1__23765_45216__1_57|TR|GUT_GENOME065705_1:35281-35394	GUT_GENOME065705_201	2039	2026	14	0	0	minus	TCGCATTGTTGTTC	TCGCATTGTTGTTC
GUT_GENOME065705|GUT_GENOME065705_1__23765_45216__1_57|TR|GUT_GENOME065705_1:35281-35394	GUT_GENOME065705_148	3778	3796	19	2	0	plus	TTCGTATTCGAATTCGACG	TTCGTAGGCGAATTCGACG
GUT_GENOME065705|GUT_GENOME065705_1__23765_45216__1_57|TR|GUT_GENOME065705_1:35281-35394	GUT_GENOME065705_122	5571	5558	14	0	0	minus	AGTAGACGAGACCG	AGTAGACGAGACCG
GUT_GENOME065705|GUT_GENOME065705_1__23765_45216__1_57|TR|GUT_GENOME065705_1:35281-35394	GUT_GENOME065705_31	3872	3890	19	2	0	plus	TTGTTGTTCGCACGACCGA	TTGTTGTTCTCACGGCCGA
GUT_GENOME065705|GUT_GENOME065705_1__23765_45216__1_57|TR|GUT_GENOME065705_1:35281-35394	GUT_GENOME065705_189	1171	1196	26	5	0	plus	TTCGTATTCGAATTCGACGAAGCGTT	TTCATATTCAATATCAACGAAGCGTT
GUT_GENOME065705|GUT_GENOME065705_1__23765_45216__1_57|TR|GUT_GENOME065705_1:35281-35394	GUT_GENOME065705_167	3142	3130	13	0	0	minus	GGCAAGACGCACA	GGCAAGACGCACA
GUT_GENOME065705|GUT_GENOME065705_1__23765_45216__1_57|TR|GUT_GENOME065705_1:35281-35394	GUT_GENOME065705_160	3778	3766	13	0	0	minus	GGCAAGACGCACA	GGCAAGACGCACA
GUT_GENOME065705|GUT_GENOME065705_1__23765_45216__1_57|TR|GUT_GENOME065705_1:35281-35394	GUT_GENOME065705_82	3583	3566	18	2	0	minus	CGTATTCGAATTCGACGA	CGTCTTCGAACTCGACGA
GUT_GENOME065705|GUT_GENOME065705_1__23765_45216__1_57|TR|GUT_GENOME065705_1:35281-35394	GUT_GENOME065705_76	5007	5019	13	0	0	plus	AGCGTTATTCGCA	AGCGTTATTCGCA
GUT_GENOME065705|GUT_GENOME065705_1__23765_45216__1_57|TR|GUT_GENOME065705_1:35281-35394	GUT_GENOME065705_57	5324	5336	13	0	0	plus	CGACACAGCGACG	CGACACAGCGACG
GUT_GENOME065705|GUT_GENOME065705_1__23765_45216__1_57|TR|GUT_GENOME065705_1:35281-35394	GUT_GENOME065705_47	3172	3189	18	2	0	plus	TTCGAGTAGACGAGACCG	TTCGAGTAAACGAGATCG
GUT_GENOME065705|GUT_GENOME065705_1__23765_45216__1_57|TR|GUT_GENOME065705_1:35281-35394	GUT_GENOME065705_20	7226	7243	18	2	0	plus	CGCCATTCGCATTCGCAT	CGGCATTCGTATTCGCAT
