1	8649	1	8649	8649	0	0	TTTATGGAACATAACAAACTATCTCTTTCTTTATACTGGCAAGGTGTGTCTTTGTACCACAAATTGCCATTTGTACCACAAAGACCCTTGCCCCGAAAGGGGATTAAATCACTCCAAAGTCGTGATTAGAAAGCAATGAAAAAGCAGAAACAAAAGAAGCCAGACGGCAGATGTGCCACCTGCCCACGATGGGACAGATGGCACATTAGGATACCTAATTCCGAAGACCAGCAGAAGCTTATCAGACTCTACCGCAAGTCGGGAGCAAAGACAAAGAGCGACTTTGTCCGAGCAAGGCTTCTTGGTGAATCTTTTAAGGTCATCACCCAAGACCCTGCAAAAGAACCTTACTTGGAGAAACTCTCCGAAATCGTTGCCATGACTCATAAGATAGGCGTGCTATACAACGAAGCCGTGAAAGCCCTCAATACTTATCATTCTGTCGCCACTGCGCAACAACTGCTCAGCAAACTCGAAACTTATTCCCAACTTCTTATCAGACTGCAACAGCATGCACTGTTTCTGACAAAATCCCTTAAGAATAAACAAGAATGAATACTGATAAATCATAATACCCAATATTCGTGCCGTACTGCGAATGCCCAATCCCTCTTTGGTCAGTTATCAATGTTAGGAAGAAAGGCTTTGTATGTTGTAGACTGTAATAAAACGGTTTTGACAATTCTTAAATCGGTAGCGTTGTTTACCTGTACTACTTTTACCACTTATGACAATATTGGTAGAGTGGCAATGCGGACATTGAAACTCAACTCCCAATCTGGAGCGTAAAGTGCGAAACGTTTTTGTAAGGTCATTTTATCTTTGTTTGGGGTTACAAAAATAGCAAAAGGCAGAGGATTTATCCTCGCCTTTATGCTTATTATGTACGCTCGGCATGAGCATTATCTAACGGGTGGAAGTCCCGAGTAAGCCCTAATAGCGGGAATTACATAGCCAAGAGCAAGGGTGTTCATCGTGAGATGAAATCTGAAGGAAGCTGGCGGCAAACATCTGACCTAACGAACAGAAACTTCATATAAGGCATATAACCATGGATAAGATTGCATAACAAATCAAAGTCCTATAGCTATTCGGAATGGTTGGTGGAGTTTCCTTGAGCTTAGCGAAAAAATGAAGTAGGTATAAGATGGAAAGATAATGTTCTTATCCGAGGAGGTCTCACGGACGTTTCAAATAGTTGTTTTTACGAAAGAAGCGGAGTAAAGCTTGCCGTGAGAAGTCAGCAGACGCCATAGTAGTGCAATACTCGATAACATTGCATGAAGGGCTGAACCTAACAATTAAACGATAGTAATTGAAACATACCTTATGAAGGAAAGAATGCAGAAAACATTATCCCAAGTTAATGGCTGCCCCCAAAGAGATAGGTCGGAAACCGAATGGTATGGGGGAGTGCAGACCTTCATGTGGATGTGTGAAGACAACATCGTGGAAGTACCATTCGACAAGGAACACCTTTTCGAGCAAATCCTTAGTCCTGCAAATCTCAACCGAGCCTACAAGGCTGTTATGAGAAACAAGGGCTGTGGTGGTATCGACAAGATGTCGTGTGAGCAGCTGCTCCCATGGCTCTTGACCAACAAGGATGAACTCATCCGTTCCTTGATGGACGGTTCTTACCGTCCGAACCCAGTGAAAAGGGTAGAAATACCCAAGGACAATGGCAAGATGCGCCTGTTGGGAATACCTACAGTAGTAGACCGTCTGGTGCAACAAGCCATCAACCAAGTACTGACTCCCATCTATGAGAACCAATTCTCCACGACGAGCTACGGCTTCCGACCGAGAAGAGGATGCCATGACGCACTACGAGGAGCGCAAAGGATAATCAACGAAGGCTACAAATATGTAGTTGACCTTGACCTTGAACGCTTCTTCGATACAGTGAACCATAGCAAACTCATAGAAATCCTCAGCCGTACCATCAAAGACGGCAGAGTGGTCAGTCTTATACACAAATATCTCCGAAGTGGTGTAATGAACAAAGGTTTGTTTGAAGCGAGCGAGGAAGGAACTCCCCAAGGAGGACCGCTAAGTCCGTTGTTGAGTAACATCATGCTCAACGAACTGGACAAAGAACTCGAACGCAGAGGACTCCCCTTTGTGCGTTATGCCGATGACTCGATGATATTCTGCAAGTCCAAAAGGGCTGCAATACGAGTGAAGGAGTCTATAACCCGATTTATAGAAAATGTTCTATATCTCAAAGTCAACAAGGAAAAGACCGTAGTGTCGTATGTGCGCGGAGTGAAATACCTCGGCTACTCCTTTTATGTAATGAACGGCAAATGCCAACTCACGGTACACCCAAAGTCCAAAGCCAAGATGAAGTCAAGGCTAAAAGAACTGACAAGTCGCAGCAACGGATGGGGATATGCCAAGAGAAAGCAAAAGCTGAAAGAATACATAAGAGGTTGGGTAGGTTACTATCACCTTGCCAATATGAAACGTCTCTTACTTGACACAGATGAATGGTTAAGACGTAGAATTCGCATGTGTATATGGAAGGCTTGGAAGAAACCCAAGACAAAAGTGGCAAACCTCATCAAATGCGGTATCAATCAATACAAAGCATACGAATGGGGTAATACTCGCAAGGGTTATTGGCGAATAGCTGATAGTCCTATTTTAACAAGGGCGATAGATAACAATAAACTACGCTCAGCAGGTTATGCCACTTTAATGGGGTCGTATCTCGAATGGCACCCAAAATAGGAACCGCCGTATGCGGAACCGCATGTACGGTGGTGTGAGAGGTCGGTGAACACGAAAGTAGGAGATAAGCACCTATGATTAGTGTTTACCTCCTACTCGATTACTGACATTAATATCAACAGAAACTGTGTTTATTTACAGAGTCCACATTTTGAATTAGCAAGAAGTGCTTTTCCCACTGATCTACCATGCTACTCGAGTTAAACGTCCTTCTACTGGAGGTTCACCATACAGTCCTCTCTGAGAATTAATTTGGTTTTGTAATTGCAATCTTTCTTCCTCTGTCAACAACTTTCCATATTGGTTATAAACATTTTTATCTAGTTCCGTATAGTTGTCCTTGCGAGCAATATATGGAAGATAATGAGAGTTCAAAAATAGCTTATCTTGTGTTGACAGAGTATAGTTAATCGCTATATCAAGCCCAGTCTTAGTTGTTATTGTATTGGAACCGTTCTTTGAAAAGTCCTTAGATGAAGCTAATGTGATGGACGAGGTATCAAAGTTTCCCATAGTAGTATAATTACTTTTTATCTTGTCGAACGCAGACTTACAATTATCTTTTACATTCTCGAGATAAATCTTGACATAATTATCACGATCTGGCCTCTGTTGTTCGTTAAACATACCTGCAGCATTGCAGAAAGCGTGCAAGAAAAAGCGTTTAATCTCATTTGCATCTGCATTTTCAAGCCATGTAGGTACATTGATATATTGTTCACCGCCAACGAGACCATAACTTCCACTACCTTCTCTTCCTGCATCCATACGAACCGCTATGTTTGGTAGTTTTATATGGTATGGCTCAAAAAACTCTTGATCCTCAATAGAATTATAGAAACGCACATTTGTTTGCTCCTCTATTTCATCAATAGCAAGAATTGCACCGTCCTTTATCTTCATCGGCAGCTTTAGCATTTTTACCCTGAGCATGGTCCAATATTGCGCAGGATAAGAGCCCCATATCCCCATAGCTCTTGTTGACGCTGAGATACGGGGGTCGTCAAACACTCCCCAACATGCAGAGATACTAGGAGCAATGATGGATGACCAAGCATCCTTCTGAGGAATCTCTCCATAGGGAGAACCTGTACTCGCCAATAATACTTGCTGTTCTTGACTTAGAGTAGCTACATAAGCTACGTGTTCAACACTTTGAGATTCAACAGTGGGCGTTGCTTCCTCGTTTGAACACGAAGTAATCATTACTCCAGACAATGCTGTCATAATAATGATGATGGCAACATTGATTCGATTGTTTGTACGCATAGTTTTAAATTTATTTATTGTTGTTCATTTGCTCTACATTATGAAGAGCATTATTATACAGTTCAGACGAAATACCCAAAATCTCAGCATCATCTTTTGTAAGGTCAAGATAATATCGACCATTTGCAAAACGAACAAGATTATTCAGCATATTCCCTTTATCTATTTGACTCCGATATATGCTAATACTATCAAGCGGAGATAATCTACTGTCAATGGAAACACCTCTGTCACTGACATTAGGGTAAATATCATCATAACAAGATGTGAAGGAAATTGTCATCATTACCGCCAATAAAAAGAAAATAGATTTTTTCATTGCAATGTTATATTATGAGAGGTTAGAACATCTGAGAAATGAGCCTTCACTGTGTATGAAATTGACAATTTTCCTTGTGAATCAAGATATATATTGCCTTCGAGCTTGTTAGATTGCCTATCATATCTATCAAAGGTCACGTAGCCATCAATTGACGTTGTAAGTAGGTAATATTTACTATAATCAAAAAAAGCAGCAATTCCATTTATTCTTTCTCCGCTATTATTGACCTGACCCAAGAAATGCATGAGATGATAGTCGGTTGTTCTGTCTTCATCGTATTTCTCGTTTTTGGTTAAGAGGTATTCCTTATTTAGTACAGGAAAGTTTTCATTTTGGGGAATAATGAAGGCTCCTACTAATAAAACTTTATTGGTATCATTCCTCAAAGCAAATTGAAATGCAAAGATACTATCATTGACCACTCCCAACCTGTTAGAATTCGGCATAAGAGTGAGTGTGGGTTGGACAGGTAGAAATGCGTCCTGCAAGGAAAAATAATCTCTATAGTTGTCACCATTGATATTAGCTTGACAATAGACAGTCAATGCCCCATCTTTGTCTTGTTTACAACTTGCAAAAATGCTTAATGACAAGACTGCGAATATAATTTTAATCGTAGACATATTCAATGCTTATTTTAATGAAACTGTTACTGGGATAAATTGTATAAACTTGTCTTCGGGATTTAGCAACGCTATTGTATAAAGGCAACTTTTCCCTATTGGAGTATTACTTGTTATAAAATTCATTTCCTCTTGTGGCAGAATGTCTTTAATAGACATTTCTCCACGGGAAACTGGTATTGTATAAGTACTACTAAAGGGACTGTAAACAGTTGCTTTTGTAGAAGTCCATATGGCACTTTGATATTGATCTGGTAACGAAGCATCTCGAGTTAAGTAGATTTTTCCATATTTATAAGAATATGGTGTCCCATCATCTTTATACAGTTTTTGTGCTTTATCCATTAACAATCTATTATTAGAAGCATAAAACACATCCTTAGCTTCACACTTGATATTTTGAATAGGAGACTCATTACCGTTAAGGTCAACGACTTTAAGGTAGACTACGGCATTCTTACCATCTAATGGTACAAACACCGAAGGACTGTTGGTGTCTATCCAATATATATTTTGATTAGGAAACTTTACGCCCCATCTAAATGTTAATATCTCGTTTATTTTATCAATATCATTCTTGTATAATTCACCAAATGATTTTGCTTCTACCAAAAAGCCATTTGGTTCGTGACTTGAAGAGAGAATATAATTTGGCATTCCAACATAGACAGCTTTACTATAAGTGATGCCATTATATCTACATGAAATATAAAAAACGCCATTCTTCAATACAGTCAAGACACCATTCTGATCAATGGTTCCTATAGAGGGGTCTGTAACAGACCATGAAACACCATCAGATATGCCTTTTAGCATGTATTTGGCACCACTATAACCGAATGAGGGACCATCAATGACTTGCGTAATCTGTGACAATATCCAATTTTGAGCTTCTTTTGAGAAAACCATATGCTGTTTGGATGCTTCATTTGACTCCATGAACACATTGCCACCAAAAGCACTTTCTGAAGGACTGGGCATTTTCATAAAAGACTGGGTAGAAGTCGGATTTCTATGAGCCAATGCACTAGATGCAGGAATGAATGGAATTTTTCCAGATACACCATAAGCAGCATAAGCATAGCCTATATAAGGCACAAAGCCACCAACATTGTCACCCTTACTAGTAGAGAGGTAGTTTACAACAGAAGAAGGATATGTATCATACAAAAAATTACTATTATAGTATCCTTCGTATTTGAATACACTTTTCGTAATAGGTATAGTCCACAGGAAATCTTTTTCAAAAGATATTTTTATATTATTAACCCTTTGACCCACAGATGTTCCAGGTAGACATTCAAAAGTTAAATCGGCTGATGTTCTGCCAGGAAGTGCTGTTATTAATCCTAAGATTATATCTTCAAAACTAACGCCTAATGCAATCCCTGTAATAGGTGAAAATGCATCAACCCATGAAAAAGATCCTACATCGCCATTTGCGCTAATATAGCTTTTGGGCACATAGGCTGTGTTATAATCACTATTTGAAATACCAAGCATTTGGAATTGTTTCCCTCTGTCTCCATTTGGGAACCCAAGCTTATCTAATTCCTCCTGCCATTGAATGTGCAAGGAGTTGTTTAGATGTCCTGCAGCATCTATACTATTACAGAGCATCTGTTGAGCTGCTGTAGAAAAAGCCATTTTTTCTCCTAAACTCAACATATCGGAAACATCTACAAACTTGTTTATGAGTTTGTCAATAAGTTTTTTGTCATGTAAAAATTTCCTTATACCATAAAAACCATGTAAAAGTCCCATTGGGACATTTGCACCTAAATGTGGAGAATCATAGCTTACATATGTTCCAACATTGTGTTTCTCACTTTTATTCTCCATGGTTTTAAGTGCATATCTGGCTACTAATCCACCCATACTATGACCTACTAAAAGAGTAGGACTACTATTCTCATCAGACATATTATTTATTGTCTCAATTACCTTGATTAAAGTATAGGCATTTGCTTGGATATATTGTTCTGGGGTATTCCAATCTACATAAATAAAGTCGTAATCGTTATTCTTAACGAAATCATTCCAATCTTTATAGTATGCAGAAACGTATGAAAGACGATTTACCGTATTATTCCTTAACCGCGGGTCAAATCCCTCGACAAAAATAAAAGGCTTAGATATTTTTCCATTCCATCTTTTAGATGGAATTATAGTTACGTCTGCCTTTGTTGAAATTCCTCTATAAGCATCGCCCATTATAGAAAGTTGCATTGGTTGCGTGTATAGTGAAGCTCTAGTTTTGTTCAGATTATTGTCAACAATTACATCCAACCAGGTTGTACTTATACTTGCGTTTCCATCGGAAGCGATAATTTTGATTCTTATTTTATGACGTCCATTTTGTAATTTGGCATTAGCACTAGAATTATACACATCAATAAAACCTTTACCATAATCTACTTCAACTCTTCTAATGCCTGTATTTGTAAGAGCCAAATCTTTGTGATAGTAAAAGGTTATATTATTTGTGTTGCATACATTTTGTAGAATACTTCCTGCGGTTACATTCTTTACCTGAAAAGCTTTGGGATTATTACATTTTACAATTCCATTTGTATAAGTTATACTCCCATCCTTTAAAGCATTAGCTTTTATTTGGGCATAATCATAAGACAATGCACAGATGTTAATCCGCCCATCTTGAGAAGATTTGATTCTATTTTTGTATATTTTATCATACGTTTCAAAGGGATTTCCATATAAGTATGCCGACCTCAATGTTTCTACCAACCCCACATAAGTTTTCAAATCGCACTCTTGTTCAACGTTCTTACCATTAGTGGGACTGAATTTTGACAAACTTTCATACTCTTCTGCATAGTCCAATAAAAAACCCGTCGGTACAATCTTCCTATCGAGCTTACCAAACATCTGATCCAATTGCACTCTAAGGTCAGAGGGATTGCCTTTATTTACAAGACTTTGAGCCCACAAGATAGGAATGTTTAAGAGAATTAGGTAAATGAATGCACAAAAACGAACCCTGATAAGCTTTCGCTCATCATTCAATGACAAATGCTTGTTTACGTGTTTCATATAAAAGTTAACTTTGTGGTTTCTAGTATGTACAAACTTAGTATTTCAAATTGAACCTGCAAACTTTTTGTTGTATATTTATTAATATTTAACGATTCGTATGGCTATTGCTGAATAGTTACATATGGAAATGACAGGAAGAACAAGTGAAGAGAAAGTTGATATGGTATGAAATGTAAGAAACCAACAAAAATAAATGTCTGATTTTCATTGGATGGCACTGTCATATTTATTACCTTTGAAGCTGTAATACAAGGTTCTTTGAAACATTGCAGAATAAAGAAAGGGAAAGAAACTCGCTCGTTTCCAAGTCGTAACCCTTTTACCCTTTATTCATTCTTATTTTATTGGTTATCTGAAAGATACAAATTTATTGAATCTTTTACGTGCGTAATCGGTTGCGATAAGCATCTTCGCCTTTTCCTCGCTCTCGCTGAGTGGTTCGCGCCCGAGCAACGTGGCATTTCCCGTCTTGGCGAACTCCATCAGTTTGCCGATGAATTCTTCCTGTTCGGGCGTAGGTGGTATGTTATGCAGTATCTCATTTTTCTCGGGTCGGTCGATACCGATGTCCTTGGCTGTGCGAAAGTCGCATATCTCCGCATAAAAGTAATAGGAGCGAATGTAATCGGCTGATTACAAAAG	TTTATGGAACATAACAAACTATCTCTTTCTTTATACTGGCAAGGTGTGTCTTTGTACCACAAATTGCCATTTGTACCACAAAGACCCTTGCCCCGAAAGGGGATTAAATCACTCCAAAGTCGTGATTAGAAAGCAATGAAAAAGCAGAAACAAAAGAAGCCAGACGGCAGATGTGCCACCTGCCCACGATGGGACAGATGGCACATTAGGATACCTAATTCCGAAGACCAGCAGAAGCTTATCAGACTCTACCGCAAGTCGGGAGCAAAGACAAAGAGCGACTTTGTCCGAGCAAGGCTTCTTGGTGAATCTTTTAAGGTCATCACCCAAGACCCTGCAAAAGAACCTTACTTGGAGAAACTCTCCGAAATCGTTGCCATGACTCATAAGATAGGCGTGCTATACAACGAAGCCGTGAAAGCCCTCAATACTTATCATTCTGTCGCCACTGCGCAACAACTGCTCAGCAAACTCGAAACTTATTCCCAACTTCTTATCAGACTGCAACAGCATGCACTGTTTCTGACAAAATCCCTTAAGAATAAACAAGAATGAATACTGATAAATCATAATACCCAATATTCGTGCCGTACTGCGAATGCCCAATCCCTCTTTGGTCAGTTATCAATGTTAGGAAGAAAGGCTTTGTATGTTGTAGACTGTAATAAAACGGTTTTGACAATTCTTAAATCGGTAGCGTTGTTTACCTGTACTACTTTTACCACTTATGACAATATTGGTAGAGTGGCAATGCGGACATTGAAACTCAACTCCCAATCTGGAGCGTAAAGTGCGAAACGTTTTTGTAAGGTCATTTTATCTTTGTTTGGGGTTACAAAAATAGCAAAAGGCAGAGGATTTATCCTCGCCTTTATGCTTATTATGTACGCTCGGCATGAGCATTATCTAACGGGTGGAAGTCCCGAGTAAGCCCTAATAGCGGGAATTACATAGCCAAGAGCAAGGGTGTTCATCGTGAGATGAAATCTGAAGGAAGCTGGCGGCAAACATCTGACCTAACGAACAGAAACTTCATATAAGGCATATAACCATGGATAAGATTGCATAACAAATCAAAGTCCTATAGCTATTCGGAATGGTTGGTGGAGTTTCCTTGAGCTTAGCGAAAAAATGAAGTAGGTATAAGATGGAAAGATAATGTTCTTATCCGAGGAGGTCTCACGGACGTTTCAAATAGTTGTTTTTACGAAAGAAGCGGAGTAAAGCTTGCCGTGAGAAGTCAGCAGACGCCATAGTAGTGCAATACTCGATAACATTGCATGAAGGGCTGAACCTAACAATTAAACGATAGTAATTGAAACATACCTTATGAAGGAAAGAATGCAGAAAACATTATCCCAAGTTAATGGCTGCCCCCAAAGAGATAGGTCGGAAACCGAATGGTATGGGGGAGTGCAGACCTTCATGTGGATGTGTGAAGACAACATCGTGGAAGTACCATTCGACAAGGAACACCTTTTCGAGCAAATCCTTAGTCCTGCAAATCTCAACCGAGCCTACAAGGCTGTTATGAGAAACAAGGGCTGTGGTGGTATCGACAAGATGTCGTGTGAGCAGCTGCTCCCATGGCTCTTGACCAACAAGGATGAACTCATCCGTTCCTTGATGGACGGTTCTTACCGTCCGAACCCAGTGAAAAGGGTAGAAATACCCAAGGACAATGGCAAGATGCGCCTGTTGGGAATACCTACAGTAGTAGACCGTCTGGTGCAACAAGCCATCAACCAAGTACTGACTCCCATCTATGAGAACCAATTCTCCACGACGAGCTACGGCTTCCGACCGAGAAGAGGATGCCATGACGCACTACGAGGAGCGCAAAGGATAATCAACGAAGGCTACAAATATGTAGTTGACCTTGACCTTGAACGCTTCTTCGATACAGTGAACCATAGCAAACTCATAGAAATCCTCAGCCGTACCATCAAAGACGGCAGAGTGGTCAGTCTTATACACAAATATCTCCGAAGTGGTGTAATGAACAAAGGTTTGTTTGAAGCGAGCGAGGAAGGAACTCCCCAAGGAGGACCGCTAAGTCCGTTGTTGAGTAACATCATGCTCAACGAACTGGACAAAGAACTCGAACGCAGAGGACTCCCCTTTGTGCGTTATGCCGATGACTCGATGATATTCTGCAAGTCCAAAAGGGCTGCAATACGAGTGAAGGAGTCTATAACCCGATTTATAGAAAATGTTCTATATCTCAAAGTCAACAAGGAAAAGACCGTAGTGTCGTATGTGCGCGGAGTGAAATACCTCGGCTACTCCTTTTATGTAATGAACGGCAAATGCCAACTCACGGTACACCCAAAGTCCAAAGCCAAGATGAAGTCAAGGCTAAAAGAACTGACAAGTCGCAGCAACGGATGGGGATATGCCAAGAGAAAGCAAAAGCTGAAAGAATACATAAGAGGTTGGGTAGGTTACTATCACCTTGCCAATATGAAACGTCTCTTACTTGACACAGATGAATGGTTAAGACGTAGAATTCGCATGTGTATATGGAAGGCTTGGAAGAAACCCAAGACAAAAGTGGCAAACCTCATCAAATGCGGTATCAATCAATACAAAGCATACGAATGGGGTAATACTCGCAAGGGTTATTGGCGAATAGCTGATAGTCCTATTTTAACAAGGGCGATAGATAACAATAAACTACGCTCAGCAGGTTATGCCACTTTAATGGGGTCGTATCTCGAATGGCACCCAAAATAGGAACCGCCGTATGCGGAACCGCATGTACGGTGGTGTGAGAGGTCGGTGAACACGAAAGTAGGAGATAAGCACCTATGATTAGTGTTTACCTCCTACTCGATTACTGACATTAATATCAACAGAAACTGTGTTTATTTACAGAGTCCACATTTTGAATTAGCAAGAAGTGCTTTTCCCACTGATCTACCATGCTACTCGAGTTAAACGTCCTTCTACTGGAGGTTCACCATACAGTCCTCTCTGAGAATTAATTTGGTTTTGTAATTGCAATCTTTCTTCCTCTGTCAACAACTTTCCATATTGGTTATAAACATTTTTATCTAGTTCCGTATAGTTGTCCTTGCGAGCAATATATGGAAGATAATGAGAGTTCAAAAATAGCTTATCTTGTGTTGACAGAGTATAGTTAATCGCTATATCAAGCCCAGTCTTAGTTGTTATTGTATTGGAACCGTTCTTTGAAAAGTCCTTAGATGAAGCTAATGTGATGGACGAGGTATCAAAGTTTCCCATAGTAGTATAATTACTTTTTATCTTGTCGAACGCAGACTTACAATTATCTTTTACATTCTCGAGATAAATCTTGACATAATTATCACGATCTGGCCTCTGTTGTTCGTTAAACATACCTGCAGCATTGCAGAAAGCGTGCAAGAAAAAGCGTTTAATCTCATTTGCATCTGCATTTTCAAGCCATGTAGGTACATTGATATATTGTTCACCGCCAACGAGACCATAACTTCCACTACCTTCTCTTCCTGCATCCATACGAACCGCTATGTTTGGTAGTTTTATATGGTATGGCTCAAAAAACTCTTGATCCTCAATAGAATTATAGAAACGCACATTTGTTTGCTCCTCTATTTCATCAATAGCAAGAATTGCACCGTCCTTTATCTTCATCGGCAGCTTTAGCATTTTTACCCTGAGCATGGTCCAATATTGCGCAGGATAAGAGCCCCATATCCCCATAGCTCTTGTTGACGCTGAGATACGGGGGTCGTCAAACACTCCCCAACATGCAGAGATACTAGGAGCAATGATGGATGACCAAGCATCCTTCTGAGGAATCTCTCCATAGGGAGAACCTGTACTCGCCAATAATACTTGCTGTTCTTGACTTAGAGTAGCTACATAAGCTACGTGTTCAACACTTTGAGATTCAACAGTGGGCGTTGCTTCCTCGTTTGAACACGAAGTAATCATTACTCCAGACAATGCTGTCATAATAATGATGATGGCAACATTGATTCGATTGTTTGTACGCATAGTTTTAAATTTATTTATTGTTGTTCATTTGCTCTACATTATGAAGAGCATTATTATACAGTTCAGACGAAATACCCAAAATCTCAGCATCATCTTTTGTAAGGTCAAGATAATATCGACCATTTGCAAAACGAACAAGATTATTCAGCATATTCCCTTTATCTATTTGACTCCGATATATGCTAATACTATCAAGCGGAGATAATCTACTGTCAATGGAAACACCTCTGTCACTGACATTAGGGTAAATATCATCATAACAAGATGTGAAGGAAATTGTCATCATTACCGCCAATAAAAAGAAAATAGATTTTTTCATTGCAATGTTATATTATGAGAGGTTAGAACATCTGAGAAATGAGCCTTCACTGTGTATGAAATTGACAATTTTCCTTGTGAATCAAGATATATATTGCCTTCGAGCTTGTTAGATTGCCTATCATATCTATCAAAGGTCACGTAGCCATCAATTGACGTTGTAAGTAGGTAATATTTACTATAATCAAAAAAAGCAGCAATTCCATTTATTCTTTCTCCGCTATTATTGACCTGACCCAAGAAATGCATGAGATGATAGTCGGTTGTTCTGTCTTCATCGTATTTCTCGTTTTTGGTTAAGAGGTATTCCTTATTTAGTACAGGAAAGTTTTCATTTTGGGGAATAATGAAGGCTCCTACTAATAAAACTTTATTGGTATCATTCCTCAAAGCAAATTGAAATGCAAAGATACTATCATTGACCACTCCCAACCTGTTAGAATTCGGCATAAGAGTGAGTGTGGGTTGGACAGGTAGAAATGCGTCCTGCAAGGAAAAATAATCTCTATAGTTGTCACCATTGATATTAGCTTGACAATAGACAGTCAATGCCCCATCTTTGTCTTGTTTACAACTTGCAAAAATGCTTAATGACAAGACTGCGAATATAATTTTAATCGTAGACATATTCAATGCTTATTTTAATGAAACTGTTACTGGGATAAATTGTATAAACTTGTCTTCGGGATTTAGCAACGCTATTGTATAAAGGCAACTTTTCCCTATTGGAGTATTACTTGTTATAAAATTCATTTCCTCTTGTGGCAGAATGTCTTTAATAGACATTTCTCCACGGGAAACTGGTATTGTATAAGTACTACTAAAGGGACTGTAAACAGTTGCTTTTGTAGAAGTCCATATGGCACTTTGATATTGATCTGGTAACGAAGCATCTCGAGTTAAGTAGATTTTTCCATATTTATAAGAATATGGTGTCCCATCATCTTTATACAGTTTTTGTGCTTTATCCATTAACAATCTATTATTAGAAGCATAAAACACATCCTTAGCTTCACACTTGATATTTTGAATAGGAGACTCATTACCGTTAAGGTCAACGACTTTAAGGTAGACTACGGCATTCTTACCATCTAATGGTACAAACACCGAAGGACTGTTGGTGTCTATCCAATATATATTTTGATTAGGAAACTTTACGCCCCATCTAAATGTTAATATCTCGTTTATTTTATCAATATCATTCTTGTATAATTCACCAAATGATTTTGCTTCTACCAAAAAGCCATTTGGTTCGTGACTTGAAGAGAGAATATAATTTGGCATTCCAACATAGACAGCTTTACTATAAGTGATGCCATTATATCTACATGAAATATAAAAAACGCCATTCTTCAATACAGTCAAGACACCATTCTGATCAATGGTTCCTATAGAGGGGTCTGTAACAGACCATGAAACACCATCAGATATGCCTTTTAGCATGTATTTGGCACCACTATAACCGAATGAGGGACCATCAATGACTTGCGTAATCTGTGACAATATCCAATTTTGAGCTTCTTTTGAGAAAACCATATGCTGTTTGGATGCTTCATTTGACTCCATGAACACATTGCCACCAAAAGCACTTTCTGAAGGACTGGGCATTTTCATAAAAGACTGGGTAGAAGTCGGATTTCTATGAGCCAATGCACTAGATGCAGGAATGAATGGAATTTTTCCAGATACACCATAAGCAGCATAAGCATAGCCTATATAAGGCACAAAGCCACCAACATTGTCACCCTTACTAGTAGAGAGGTAGTTTACAACAGAAGAAGGATATGTATCATACAAAAAATTACTATTATAGTATCCTTCGTATTTGAATACACTTTTCGTAATAGGTATAGTCCACAGGAAATCTTTTTCAAAAGATATTTTTATATTATTAACCCTTTGACCCACAGATGTTCCAGGTAGACATTCAAAAGTTAAATCGGCTGATGTTCTGCCAGGAAGTGCTGTTATTAATCCTAAGATTATATCTTCAAAACTAACGCCTAATGCAATCCCTGTAATAGGTGAAAATGCATCAACCCATGAAAAAGATCCTACATCGCCATTTGCGCTAATATAGCTTTTGGGCACATAGGCTGTGTTATAATCACTATTTGAAATACCAAGCATTTGGAATTGTTTCCCTCTGTCTCCATTTGGGAACCCAAGCTTATCTAATTCCTCCTGCCATTGAATGTGCAAGGAGTTGTTTAGATGTCCTGCAGCATCTATACTATTACAGAGCATCTGTTGAGCTGCTGTAGAAAAAGCCATTTTTTCTCCTAAACTCAACATATCGGAAACATCTACAAACTTGTTTATGAGTTTGTCAATAAGTTTTTTGTCATGTAAAAATTTCCTTATACCATAAAAACCATGTAAAAGTCCCATTGGGACATTTGCACCTAAATGTGGAGAATCATAGCTTACATATGTTCCAACATTGTGTTTCTCACTTTTATTCTCCATGGTTTTAAGTGCATATCTGGCTACTAATCCACCCATACTATGACCTACTAAAAGAGTAGGACTACTATTCTCATCAGACATATTATTTATTGTCTCAATTACCTTGATTAAAGTATAGGCATTTGCTTGGATATATTGTTCTGGGGTATTCCAATCTACATAAATAAAGTCGTAATCGTTATTCTTAACGAAATCATTCCAATCTTTATAGTATGCAGAAACGTATGAAAGACGATTTACCGTATTATTCCTTAACCGCGGGTCAAATCCCTCGACAAAAATAAAAGGCTTAGATATTTTTCCATTCCATCTTTTAGATGGAATTATAGTTACGTCTGCCTTTGTTGAAATTCCTCTATAAGCATCGCCCATTATAGAAAGTTGCATTGGTTGCGTGTATAGTGAAGCTCTAGTTTTGTTCAGATTATTGTCAACAATTACATCCAACCAGGTTGTACTTATACTTGCGTTTCCATCGGAAGCGATAATTTTGATTCTTATTTTATGACGTCCATTTTGTAATTTGGCATTAGCACTAGAATTATACACATCAATAAAACCTTTACCATAATCTACTTCAACTCTTCTAATGCCTGTATTTGTAAGAGCCAAATCTTTGTGATAGTAAAAGGTTATATTATTTGTGTTGCATACATTTTGTAGAATACTTCCTGCGGTTACATTCTTTACCTGAAAAGCTTTGGGATTATTACATTTTACAATTCCATTTGTATAAGTTATACTCCCATCCTTTAAAGCATTAGCTTTTATTTGGGCATAATCATAAGACAATGCACAGATGTTAATCCGCCCATCTTGAGAAGATTTGATTCTATTTTTGTATATTTTATCATACGTTTCAAAGGGATTTCCATATAAGTATGCCGACCTCAATGTTTCTACCAACCCCACATAAGTTTTCAAATCGCACTCTTGTTCAACGTTCTTACCATTAGTGGGACTGAATTTTGACAAACTTTCATACTCTTCTGCATAGTCCAATAAAAAACCCGTCGGTACAATCTTCCTATCGAGCTTACCAAACATCTGATCCAATTGCACTCTAAGGTCAGAGGGATTGCCTTTATTTACAAGACTTTGAGCCCACAAGATAGGAATGTTTAAGAGAATTAGGTAAATGAATGCACAAAAACGAACCCTGATAAGCTTTCGCTCATCATTCAATGACAAATGCTTGTTTACGTGTTTCATATAAAAGTTAACTTTGTGGTTTCTAGTATGTACAAACTTAGTATTTCAAATTGAACCTGCAAACTTTTTGTTGTATATTTATTAATATTTAACGATTCGTATGGCTATTGCTGAATAGTTACATATGGAAATGACAGGAAGAACAAGTGAAGAGAAAGTTGATATGGTATGAAATGTAAGAAACCAACAAAAATAAATGTCTGATTTTCATTGGATGGCACTGTCATATTTATTACCTTTGAAGCTGTAATACAAGGTTCTTTGAAACATTGCAGAATAAAGAAAGGGAAAGAAACTCGCTCGTTTCCAAGTCGTAACCCTTTTACCCTTTATTCATTCTTATTTTATTGGTTATCTGAAAGATACAAATTTATTGAATCTTTTACGTGCGTAATCGGTTGCGATAAGCATCTTCGCCTTTTCCTCGCTCTCGCTGAGTGGTTCGCGCCCGAGCAACGTGGCATTTCCCGTCTTGGCGAACTCCATCAGTTTGCCGATGAATTCTTCCTGTTCGGGCGTAGGTGGTATGTTATGCAGTATCTCATTTTTCTCGGGTCGGTCGATACCGATGTCCTTGGCTGTGCGAAAGTCGCATATCTCCGCATAAAAGTAATAGGAGCGAATGTAATCGGCTGATTACAAAAG
1560	1596	1596	1560	38	6	2	CAAGATGTCGTGTGAGCAGCTGCTCCCATGGC-TCTTG	CAAGA-GCCATGGGAGCAGCTGCTCACACGACATCTTG
8337	8352	7283	7298	16	1	0	TTCATTCTTATTTTAT	TTGATTCTTATTTTAT
7283	7298	8337	8352	16	1	0	TTGATTCTTATTTTAT	TTCATTCTTATTTTAT
4100	4112	802	814	13	0	0	TTTTGTAAGGTCA	TTTTGTAAGGTCA
5957	5969	1933	1921	13	0	0	GGATTTCTATGAG	GGATTTCTATGAG
802	814	4100	4112	13	0	0	TTTTGTAAGGTCA	TTTTGTAAGGTCA
1921	1933	5969	5957	13	0	0	CTCATAGAAATCC	CTCATAGAAATCC
8335	8349	558	544	15	1	0	TATTCATTCTTATTT	TATTCATTCTTGTTT
8041	8055	6450	6436	15	1	0	CTTAGTATTTCAAAT	CTTGGTATTTCAAAT
6436	6450	8055	8041	15	1	0	ATTTGAAATACCAAG	ATTTGAAATACTAAG
544	558	8349	8335	15	1	0	AAACAAGAATGAATA	AAATAAGAATGAATA
6922	6933	3445	3456	12	0	0	GATATATTGTTC	GATATATTGTTC
6588	6599	5561	5572	12	0	0	AAAAAGCCATTT	AAAAAGCCATTT
7312	7323	5597	5608	12	0	0	TAATTTGGCATT	TAATTTGGCATT
5561	5572	6588	6599	12	0	0	AAAAAGCCATTT	AAAAAGCCATTT
3445	3456	6922	6933	12	0	0	GATATATTGTTC	GATATATTGTTC
5597	5608	7312	7323	12	0	0	TAATTTGGCATT	TAATTTGGCATT
8008	8019	8019	8008	12	0	0	AAAGTTAACTTT	AAAGTTAACTTT
