GUT_GENOME027284|GUT_GENOME027284_3__95818_117302__3_59|TR|GUT_GENOME027284_3:105607-105716	GUT_GENOME027284_3	105716	105607	110	0	0	minus	GAGCCGACCACCGTAGTTCGTGTTCGAGTTCGAAGAAGCGTTGTTCGCGTTCGCATAAGCGAGCCCGCTGTTCGCATTCGAGTTGTTGCCAGACCGCAGAACACAGCGGC	GAGCCGACCACCGTAGTTCGTGTTCGAGTTCGAAGAAGCGTTGTTCGCGTTCGCATAAGCGAGCCCGCTGTTCGCATTCGAGTTGTTGCCAGACCGCAGAACACAGCGGC
GUT_GENOME027284|GUT_GENOME027284_3__95818_117302__3_59|TR|GUT_GENOME027284_3:105607-105716	GUT_GENOME027284_3	105369	105260	110	12	0	minus	GAGCCGACCACCGTAGTTCGTGTTCGAGTTCGAAGAAGCGTTGTTCGCGTTCGCATAAGCGAGCCCGCTGTTCGCATTCGAGTTGTTGCCAGACCGCAGAACACAGCGGC	GAGCCGACCACCGCAGTACGCGCTCGAGGGCGAAGAAGCGTGGTTCGCGCTCGCACAAGCGAGCCCGCTGTTCGCATCCGAGTTGAGGCCAGACCGCAGAACACAGCGGC
GUT_GENOME027284|GUT_GENOME027284_3__95818_117302__3_59|TR|GUT_GENOME027284_3:105607-105716	GUT_GENOME027284_3	34286	34274	13	0	0	minus	CGCTGTTCGCATT	CGCTGTTCGCATT
GUT_GENOME027284|GUT_GENOME027284_3__95818_117302__3_59|TR|GUT_GENOME027284_3:105607-105716	GUT_GENOME027284_18	14022	13999	27	1	3	minus	TGTTCGAGTTCGAAGAAGCGTTGTTCG	TGTTCGAGTTCGCAGA---GTTGTTCG
GUT_GENOME027284|GUT_GENOME027284_3__95818_117302__3_59|TR|GUT_GENOME027284_3:105607-105716	GUT_GENOME027284_10	47320	47341	22	3	0	plus	TTCGTGTTCGAGTTCGAAGAAG	TTCATGTTCGAGCACGAAGAAG
GUT_GENOME027284|GUT_GENOME027284_3__95818_117302__3_59|TR|GUT_GENOME027284_3:105607-105716	GUT_GENOME027284_10	51650	51670	21	3	0	plus	TCGTGTTCGAGTTCGAAGAAG	TCGTGTTCGGGGTCGAAGTAG
GUT_GENOME027284|GUT_GENOME027284_3__95818_117302__3_59|TR|GUT_GENOME027284_3:105607-105716	GUT_GENOME027284_23	23355	23337	19	2	0	minus	GTGTTCGAGTTCGAAGAAG	GTGGTCGAGTGCGAAGAAG
GUT_GENOME027284|GUT_GENOME027284_3__95818_117302__3_59|TR|GUT_GENOME027284_3:105607-105716	GUT_GENOME027284_23	34053	34041	13	0	0	minus	TTCGAGTTCGAAG	TTCGAGTTCGAAG
GUT_GENOME027284|GUT_GENOME027284_3__95818_117302__3_59|TR|GUT_GENOME027284_3:105607-105716	GUT_GENOME027284_16	1796	1783	14	0	0	minus	GTGTTCGAGTTCGA	GTGTTCGAGTTCGA
GUT_GENOME027284|GUT_GENOME027284_3__95818_117302__3_59|TR|GUT_GENOME027284_3:105607-105716	GUT_GENOME027284_13	36717	36699	19	2	0	minus	CCAGACCGCAGAACACAGC	CCAGTCCGCAGAACATAGC
GUT_GENOME027284|GUT_GENOME027284_3__95818_117302__3_59|TR|GUT_GENOME027284_3:105607-105716	GUT_GENOME027284_34	830	815	16	1	0	minus	CGAGTTCGAAGAAGCG	CGAGTTTGAAGAAGCG
GUT_GENOME027284|GUT_GENOME027284_3__95818_117302__3_59|TR|GUT_GENOME027284_3:105607-105716	GUT_GENOME027284_28	14771	14786	16	1	0	plus	GTTGCCAGACCGCAGA	GTTGCCATACCGCAGA
GUT_GENOME027284|GUT_GENOME027284_3__95818_117302__3_59|TR|GUT_GENOME027284_3:105607-105716	GUT_GENOME027284_7	67577	67592	16	1	0	plus	ACCACCGTAGTTCGTG	ACCACCGTAGTTCTTG
GUT_GENOME027284|GUT_GENOME027284_3__95818_117302__3_59|TR|GUT_GENOME027284_3:105607-105716	GUT_GENOME027284_6	101288	101303	16	1	0	plus	CGAAGAAGCGTTGTTC	CGAAGAAACGTTGTTC
GUT_GENOME027284|GUT_GENOME027284_3__95818_117302__3_59|TR|GUT_GENOME027284_3:105607-105716	GUT_GENOME027284_6	97910	97922	13	0	0	plus	GTTCGCGTTCGCA	GTTCGCGTTCGCA
GUT_GENOME027284|GUT_GENOME027284_3__95818_117302__3_59|TR|GUT_GENOME027284_3:105607-105716	GUT_GENOME027284_4	63751	63766	16	1	0	plus	ACCGTAGTTCGTGTTC	ACCGTCGTTCGTGTTC
GUT_GENOME027284|GUT_GENOME027284_3__95818_117302__3_59|TR|GUT_GENOME027284_3:105607-105716	GUT_GENOME027284_4	69329	69317	13	0	0	minus	GAAGAAGCGTTGT	GAAGAAGCGTTGT
GUT_GENOME027284|GUT_GENOME027284_3__95818_117302__3_59|TR|GUT_GENOME027284_3:105607-105716	GUT_GENOME027284_41	328	301	28	6	0	minus	TTCGCATTCGAGTTGTTGCCAGACCGCA	TTCGCCTGCAAGCTGCTGCCCGACCGCA
GUT_GENOME027284|GUT_GENOME027284_3__95818_117302__3_59|TR|GUT_GENOME027284_3:105607-105716	GUT_GENOME027284_38	15611	15628	18	2	0	plus	GAAGCGTTGTTCGCGTTC	GATGCGTTGTCCGCGTTC
GUT_GENOME027284|GUT_GENOME027284_3__95818_117302__3_59|TR|GUT_GENOME027284_3:105607-105716	GUT_GENOME027284_31	12146	12163	18	2	0	plus	ACCGCAGAACACAGCGGC	ACCGTAGAACACAGCTGC
GUT_GENOME027284|GUT_GENOME027284_3__95818_117302__3_59|TR|GUT_GENOME027284_3:105607-105716	GUT_GENOME027284_20	16310	16327	18	2	0	plus	TTCGAAGAAGCGTTGTTC	TTCGAAACAGCGTTGTTC
GUT_GENOME027284|GUT_GENOME027284_3__95818_117302__3_59|TR|GUT_GENOME027284_3:105607-105716	GUT_GENOME027284_14	25500	25512	13	0	0	plus	TTCGAGTTGTTGC	TTCGAGTTGTTGC
GUT_GENOME027284|GUT_GENOME027284_3__95818_117302__3_59|TR|GUT_GENOME027284_3:105607-105716	GUT_GENOME027284_12	689	706	18	2	0	plus	CGAGTTCGAAGAAGCGTT	CGAGTTCGCAGAAGAGTT
GUT_GENOME027284|GUT_GENOME027284_3__95818_117302__3_59|TR|GUT_GENOME027284_3:105607-105716	GUT_GENOME027284_5	64168	64116	53	16	0	minus	CGAAGAAGCGTTGTTCGCGTTCGCATAAGCGAGCCCGCTGTTCGCATTCGAGT	CGAAGAACCGTAAGGCACGTTGACAGAAGCGAGTGCGATGTCGGTATTCGGGT
GUT_GENOME027284|GUT_GENOME027284_3__95818_117302__3_59|TR|GUT_GENOME027284_3:105607-105716	GUT_GENOME027284_2	20970	20958	13	0	0	minus	CAGAACACAGCGG	CAGAACACAGCGG
